Class_A,Class_B,Single_Accuracy,Dual_Accuracy,Accuracy_Diff,Single_F1,Dual_F1,F1_Diff,Single_AUC,Dual_AUC,AUC_Diff,Single_Convergence_Epochs,Dual_Convergence_Epochs,Report_Path
airplane,automobile,0.9965,0.9935,-0.0030000000000000027,0.9964912280701754,0.993503248375812,-0.002987979694363374,0.999893,0.999628,-0.00026500000000007073,15,15,../results/comparison_resnet50_0vs1_20250506_081845/comparison_report.md
cat,dog,0.906,0.904,-0.0020000000000000018,0.9073891625615763,0.9040959040959041,-0.0032932584656721886,0.9704439999999999,0.9644995000000001,-0.005944499999999797,15,15,../results/comparison_resnet50_3vs5_20250506_082429/comparison_report.md
bird,truck,0.9935,0.9955,0.0020000000000000018,0.993529118964659,0.9955022488755623,0.0019731299109032596,0.999937,0.999757,-0.00017999999999995797,15,14,../results/comparison_resnet50_2vs9_20250506_083001/comparison_report.md
deer,horse,0.9745,0.9675,-0.007000000000000006,0.9745889387144993,0.9669883189436262,-0.007600619770873007,0.997649,0.9939605,-0.0036884999999999835,15,15,../results/comparison_resnet50_4vs7_20250506_083545/comparison_report.md
frog,ship,0.997,0.994,-0.0030000000000000027,0.997002997002997,0.9939819458375125,-0.0030210511654844563,0.999947,0.999829,-0.0001180000000000625,15,15,../results/comparison_resnet50_6vs8_20250506_084128/comparison_report.md
